{"cameraMode":{"drawMode":0,"name":"Shaded","section":"Shading Mode"},"sceneLighting":false,"audioPlay":false,"sceneViewState":{"showFog":true,"showMaterialUpdate":false,"showSkybox":true,"showFlares":true,"showImageEffects":true,"showParticleSystems":true},"in2DMode":false,"pivot":{"x":12.808785438537598,"y":0.21459060907363892,"z":28.821706771850587},"rotation":{"x":0.1783687323331833,"y":-0.4105323851108551,"z":0.08223574608564377,"w":0.8904409408569336},"size":0.40405547618865969,"orthographic":false}