{"cameraMode":{"drawMode":0,"name":"Shaded","section":"Shading Mode"},"sceneLighting":false,"audioPlay":false,"sceneViewState":{"showFog":true,"showMaterialUpdate":false,"showSkybox":true,"showFlares":true,"showImageEffects":true,"showParticleSystems":true},"in2DMode":false,"pivot":{"x":12.610007286071778,"y":0.11462236195802689,"z":29.362573623657228},"rotation":{"x":-0.003016833681613207,"y":0.995201826095581,"z":-0.09221808612346649,"w":-0.03255850821733475},"size":0.06755232810974121,"orthographic":false}